Afiseaza Clientii,05-05-2020 15:04:48
Afiseaza Clientii,05-05-2020 21:38:10
Afiseaza Clientii,02-06-2020 16:55:39
Afiseaza Clientii,02-06-2020 17:09:36
Afiseaza Clientii,02-06-2020 17:12:07
Afiseaza Clientii,02-06-2020 17:14:38
Adauga Client,02-06-2020 17:15:36
Adauga Client,02-06-2020 17:17:17
Afiseaza Clientii,02-06-2020 17:17:22
Afiseaza Clientii,02-06-2020 17:17:45
Afiseaza Clientii,02-06-2020 17:19:30
Afiseaza Clientii,02-06-2020 17:21:22
Afiseaza Clientii,02-06-2020 17:23:46
Modifica nume client,02-06-2020 17:30:16
Afiseaza Clientii,02-06-2020 17:30:22
Modifica nume client,02-06-2020 17:30:38
Afiseaza Clientii,02-06-2020 17:30:40
Sterge client,02-06-2020 17:30:53
Afiseaza Clientii,02-06-2020 17:30:55
Adauga sejur,02-06-2020 17:37:13
Adauga sejur,02-06-2020 17:39:16
Afiseaza Clientii,02-06-2020 17:56:06
Afiseaza Clientii,02-06-2020 17:56:27
Adauga Client,02-06-2020 17:57:05
Afiseaza Clientii,02-06-2020 17:57:08
Afiseaza Clientii,02-06-2020 18:00:45
Afiseaza sejururi,02-06-2020 18:07:38
Adauga sejur,02-06-2020 18:08:35
Afiseaza sejururi,02-06-2020 18:08:45
Afiseaza ofertele la un pret mai mic decat N lei,02-06-2020 18:09:01
Modifica pret sejur,02-06-2020 18:09:18
Afiseaza sejururi,02-06-2020 18:09:25
Modifica pret sejur,02-06-2020 18:10:27
Afiseaza sejururi,02-06-2020 18:10:30
Sterge sejur,02-06-2020 18:10:52
Afiseaza sejururi,02-06-2020 18:10:55
Adauga hotel,02-06-2020 18:11:39
Adauga hotel,02-06-2020 18:12:43
Afiseaza hoteluri,02-06-2020 18:13:05
Afiseaza hoteluri,02-06-2020 18:13:12
Afiseaza hotelurile de N stele,02-06-2020 18:13:26
Modifica nume administrator hotel,02-06-2020 18:13:45
Afiseaza hoteluri,02-06-2020 18:13:51
Sterge hotel,02-06-2020 18:14:08
Adauga hotel,02-06-2020 18:15:42
Afiseaza hoteluri,02-06-2020 18:15:48
Sterge hotel,02-06-2020 18:16:00
Afiseaza hoteluri,02-06-2020 18:16:03
Adauga Rezervare,02-06-2020 18:18:00
Afiseaza rezervari pentru clientul cu CNP,02-06-2020 18:33:01
Modifica telefon client,02-06-2020 18:33:29
Sterge rezervare,02-06-2020 18:33:43
Afiseaza rezervari pentru clientul cu CNP,02-06-2020 18:33:50
Afiseaza Clientii,02-06-2020 18:34:20
Afiseaza Clientii,02-06-2020 18:38:39
Modifica nume client,02-06-2020 18:40:24
Afiseaza Clientii,02-06-2020 18:40:27
Sterge client,02-06-2020 18:41:29
Afiseaza Clientii,02-06-2020 18:41:34
Adauga Client,02-06-2020 18:42:18
Afiseaza Clientii,02-06-2020 18:42:21
Afiseaza hoteluri,02-06-2020 18:43:47
Adauga hotel,02-06-2020 18:44:23
Afiseaza hoteluri,02-06-2020 18:44:29
Afiseaza hotelurile de N stele,02-06-2020 18:44:47
Modifica nume administrator hotel,02-06-2020 18:45:07
Afiseaza hoteluri,02-06-2020 18:45:12
Afiseaza sejururi,02-06-2020 18:46:30
Adauga sejur,02-06-2020 18:47:58
Afiseaza sejururi,02-06-2020 18:48:03
Afiseaza ofertele la un pret mai mic decat N lei,02-06-2020 18:48:27
Modifica pret sejur,02-06-2020 18:48:51
Sterge client,02-06-2020 18:49:11
Modifica pret sejur,02-06-2020 18:49:32
Afiseaza sejururi,02-06-2020 18:49:37
Modifica pret sejur,02-06-2020 18:49:50
Afiseaza sejururi,02-06-2020 18:49:55
Afiseaza rezervari pentru clientul cu CNP,02-06-2020 18:54:43
Adauga Rezervare,02-06-2020 18:56:27
Afiseaza rezervari pentru clientul cu CNP,02-06-2020 18:56:40
Afiseaza Angajatii,02-06-2020 18:59:32
Afiseaza tarile disponibile si orasele,02-06-2020 18:59:40
Afiseaza Clientii,02-06-2020 18:59:49
Afiseaza Clientii,02-06-2020 19:11:58
Afiseaza sejururi,02-06-2020 19:13:10
Afiseaza hoteluri,02-06-2020 19:13:19
Afiseaza hoteluri,02-06-2020 19:13:50
Afiseaza hotelurile de N stele,02-06-2020 19:14:01
Afiseaza rezervari pentru clientul cu CNP,02-06-2020 19:14:44
Afiseaza Clientii,02-06-2020 19:15:40
Afiseaza hoteluri,02-06-2020 19:15:53
